"Id","Title","ERROR"
"068J1000007LRPXIA4","Confidential (5) (1) (1)","insufficient access rights on object id"
"068J1000007LqKNIA0","Confidential (5)","insufficient access rights on object id"
"068J100000AwVVVIA3","stagingLoggingIssues","insufficient access rights on object id"
"068J100000AwVdTIAV","Temp","insufficient access rights on object id"
"068J100000AwVdsIAF","Test115","insufficient access rights on object id"
"068J100000BNQLeIAP","Confidentialsecret (1).docx-BLOCKED","insufficient access rights on object id"
"068J100000BNQLZIA5","Confidentialsecret (1)","insufficient access rights on object id"
"068J100000BNQOiIAP","Confidentialsecret (1).docx-BLOCKED","insufficient access rights on object id"
"068J100000BNYNZIA5","Confidential_Excel_Document","insufficient access rights on object id"
"068J100000BNYNjIAP","Confidential_Excel_Document.xlsx-BLOCKED","insufficient access rights on object id"
"068J100000BNymoIAD","ssn (2)","insufficient access rights on object id"
"068J100000BNymtIAD","ssn (2).pptx-BLOCKED","insufficient access rights on object id"
